,groundtruth,prediction
high,"[40.432000000000002, 101.35999999999999, 72.760000000000005]","[42.967272727272729, 98.112000000000009, 72.799999999999997]"
low,"[29.120000000000005, 50.151111111111113, 43.555555555555557]","[27.104000000000003, 49.031111111111116, 33.019259259259265]"
rate,"[2.6875, 2.780172413793103, 7.32657200811359]","[2.9439834024896268, 2.7741935483870965, 7.32657200811359]"
ratio,"[0.27977839335180049, 0.5052179251074278, 0.40138048989066033]","[0.36919431279620851, 0.50025367833587009, 0.54643874643874635]"
high,"[40.432000000000002, 101.35999999999999, 72.760000000000005]","[42.967272727272729, 98.112000000000009, 72.799999999999997]"
low,"[29.120000000000005, 50.151111111111113, 43.555555555555557]","[27.104000000000003, 49.031111111111116, 33.019259259259265]"
rate,"[2.6875, 2.780172413793103, 7.32657200811359]","[2.9439834024896268, 2.7741935483870965, 7.32657200811359]"
ratio,"[0.27977839335180049, 0.5052179251074278, 0.40138048989066033]","[0.36919431279620851, 0.50025367833587009, 0.54643874643874635]"
